address,amount
0x9E334C6A0C5FeCF415B18c0448D06ddAD873d1fA,1
0xc0c68e66e08e6c3f411f683cf1d973E33beE5111,1
0x38aA1E19CcF8e37EA019BbF450DF2C15DbD0DDA8,1
0xd0e10fad13314ba6f86263fab44446caba1230f3,1
0xA115Cd20434a5f65D62B028bc28B897477B60d88,1
0xbcFE62A1a2c5E6BBDd288A67267977F6476c9c41,1
0x3eA0675e6F7d8C058E57b436c4832F276B95D4bb,1
0xF616C620508a4B622645e40A8B97a18c467b5c7c,1
0x5cd3d18B42153969372DA9f0921b7bC2136D7D6e,1
0x79c487cA61f129A2f174bBfFd8E51E1c251ee4b6,1
0xf112784deB2A9D52a1e7602D10fb5f4107b4C2b7,1
0x3cE3ee9a6aE0337F0700276C0f34E54E0056DBb4,1
0x66C2c84470D3C44bBaABf64D8C04aBD939ce4541,1
0x2e20f31d47Fe7Aa111dCC67Cb0eC6A411254Ae6e,1
0xe8e1a6CD12A09d32d66522c1845D6D9705fa1f5E,1
0x4d06A224b4325535E0AA9Bd4f54A0aFF185D3679,1
0xc65D630C1282265F4B5b2f724afC5Ae2E340Fb00,1
0x843358F4264470C226055b00d27E76B4E0F597e1,1
0x180887E91183c3924839705E5287E4bEcDee8A54,1
0x7d896E0f2118dAD0ec0A552347069fe48a789b5E,1
0x11f3843A3e9c2B3BF0bf562B8C35B3C395f69714,1
0xD7DD17A139d98936A5C45854ec501AD81EfB3F9B,1
0x00CC9dA19056ac0CD143b217564384c4DBFB4f89,1
0x53B5837c9eA6cBF0dde587aB60164f49782B6C0b,1
0x6541c899EA709ae971EEe64Ce45639edEbe66666,1
0x1dD5dc0747423C5092DC99840f7Cf970EBb508fD,1
0xE789d4131228B26DBc520a4b5666a9008f2CB5ba,1
0xE789d4131228B26DBc520a4b5666a9008f2CB5ba,1
0x8aDb9Cd1990ee1ff45898b288427f7073036D6a3,1
0xbA561faF5C3f3Bc1b51cb8A6b7E1Fd34B6F5581b,1
0x3EC6524f24Fc9eB54abFc2fe3226c744ED51Dad3,1
0x7a68a215835767B71DA2B904e426a9C9AeD3FBE7,1
0x716823157fb180E4807848f7267A31f228672C9b,1
0x718a6716a93Da4A60387363f71012efe540769e4,1
0x4fF3126E0437262acaaba088E3CAbC42d707d0a2,1
0x4eCFfcf0010a9F7e754757CA27F61ca35759072A,1
0x9c4299055e5F963e57Ad2995184aa38d40283c75,1
0x7B777f79016c2c3A65179Eb394e86D613072Db05,1
0xd87deD6b0e47C668478C32C8DF8eFE56331E45e2,1
0xF757C31FFBDA58fAc9749ab0c3f76ddF04392cf8,1
0x88c25b2Fe815C17a7a680b2D26f25edA200F9a84,1
0x02b6Ef958DBB6796767820c78D54E49009843B94,1
0xc837d8196F194265ab6Aab031b771a1B6d91FCE6,1
0xb67737c18ba75BefAcd58803d08421f84a4786e6,1
0x75cAd0aE2696B57a3591f1472c43d66ff7378018,1
0xF8C0c08bD22AB9A792EA2ad334D5b2e3B382da37,1
0x8AB8d227B2409c92dCa5c44Cc8AC0f3326E127af,1
0x74762DEf6799Ba5f9ffc71c4CfA7E3abf4170541,1
0x73035a0b8E3254CA9C0B26eCd22303AD6b929E2b,1
0x9EA87E4E0b0EaDfa292F644108e92564F9eD4BD2,1
0xbC8FD6C99Fc4758Bd1588Ef4dC4F60A3011dD4aA,1
0x85d0C5c200B96844F1a7c644D8aDAb28D24fD30D,1
0x8f977a031c21ACaAB51c7b4313A38905b50f039d,1
0x5368d955C9E7EF2901F6816643C09C1C928b8Cd4,1
0xABaDCFb70e8759A2643998955A193D275AEB28AE,1
0x898ABaa82CA4180a42A215CCFeD116319CDFb487,1
0x50f8238893648D006Bc9a8a3bFF395E0f71F2825,1
0x1b57c736edE2AE94d3c52462fb4E4631d914ABa7,1
0xd764E96E1fB3aa3b3e578bfDBC8535f50b6b359D,1
0x80Fde320eefDdcC8a4E384DEDec071bF931258fE,1
0x252d96663633ec18Ce8E75Cb66412D0A3Ba5CA3E,1
0x1c1B38Ce049947a2c6a3FfB7d74af19Ac3333BF0,1
0xEC2140f8793104Ffe89d395CAcFd627a3A59D868,1
0xDeaDDEaDDeAdDeAdDEAdDEaddeAddEAdDEAd0001,1
0xc79e9053980C796F1aA7652e9117dedDFf502123,1
0xc6bAB451B7367a337155cc60035eC8A3DEaA7e11,1
0x347F399Bc925987288870c01758A773983fA4b05,1
0x6544f457b738DcC3d600Bc5749b6b6f880b9F13c,1
0x752Df95c9DaD396B2b785D6861d9D9200d31118e,1
0x6e1F5078D3642DDf02915252749ec6409A4212cd,1
0x34cfA5bcA4A4cc1C36A0136F54007E71F4298e08,1
0xCDafe1cf34bdf9b8D53722007f8dDe4cBD95eA48,1
0x7E89db6E66364902b421AA4C6c100ac3c199B1bb,1
0x9b52BF6172363d45D5710a8D120b63a2387D40Fc,1
0x500b29c0cb23D31a946A096591d1aA1Ff6D2a4db,1
0x87973E9d333E138b3E6f2D98cce625A828B5C4a2,1
0x227F39Bf4e4C1Fe589496e1c5d9b1976e57fA131,1
0x4E1DdeB9c3Ac8dF34e3681E45E67992E5018F7C6,1
0x5Df9b079551fa10eAda01945e3Bed55704F9EdAb,1
0xAA071d61A8d77c35aC10C23DB356c504472668bD,1
0x0BfdfCc93876021ea21a7381140a86223527bFC3,1
0xf2b014cCa140C2010b4737eDB310d946E5Ce6370,1
0x2bEA84f8aeDb9A5a205Bac18F75e66250Ebb2150,1
0x75ECd5290bC30bDFA82e68cc0eF08b74FcDf4d66,1
0x89E4C0be0b91E5df4fcF4a57f8f9C20Ed9a162A5,1
0x2d12facE931B3Eab18dDE60078006FCEDcd9C5f9,1
0x952E1154015FB72E5a9244da8F8247032DE23680,1
0xeE9F00d7B45e165f315ADD8f1c06dCF07b496930,1
0xD25eF293e1ee389dD669531EEe3Cc1d7bA4B0eB0,1
0xca0521E74Ea2d73C6da67e7C4f3630eeff0Dfdc7,1
0x9fFc3A8675B00E377606a066949c30c51cC0b63e,1
0x07C76479198D12cac9B4EF688dFe9B4220E2F43b,1
0x92462502dbE6Ee5B6f100a3F4A07AF7b90dA29Cc,1
0x5A7C352d7B10700cfa8648434C797494D3EA5Fc2,1
0xE36834c14183Fd803a0028011397B59Ab4794722,1
0xa9B779600674098718D44C1bd2938A658E01A899,1
0xb31e8DAbAecB0719B4328bb80f1d92c084b67cc8,1
0xf7805D6e93Eb4b04f8C492be9bA3BbD56e8847fd,1
0x4DB508461688A1Cf68c736F7101E297089bBa5a4,1
0x9e74D66a215cd7B580578664a5Bf1ea41A522869,1
0x353A7f25218E5E4E23188A0F86e2a5EA9Ae52C97,1
0x72D1bdF6AB45853FEc155efB9cae9fE77aa64dF4,1
0x0f099201167422b7092FEb310382a5f92283B151,1
0x79B6e975080092073c9d657E41950d3111778796,1
0x623006a6518193Da00E47FC824380b4b8e9c4f97,1
0x99038d62Ff77dfDCc36A8cff5D1531D908bE6953,1
0xa4E466AB7bBA07754498BDF4d64683E8104493A3,1
0xC59d90E59E0c233c933778dce958EC9c1AC72Ef1,1
0xa1d975A53b5EF8641Fab1528A38761B627504892,1
0x7603f1C7aD13772623b291378c287F0Bf99Bf49F,1
0x3B78166276cAAaA947056Dfc027023C132346F69,1
0x270f2F857e07a525055598D42C1C23A5caBA4876,1
0x8A6dcCe7Fe8cf231367aa241fF43E151DE0D1340,1
0x4447e0a889fa3703b7f91430df34ad7caf152187,1
0xb5EdE13dBa6333AfC2858d94Cd0ca28c758e5e35,1
0xC8f530777326D314c04Dd0D3f40BBE61cB7fB816,1
0x6fa08bbf861c58dc925c619bed62b1ab1ee6dbcc,1
0x6ef9e009095ac2fbaabc53183a978141e284c3bd,1
0xa6f6fe428C25a8441f836294C89Bc6100c7A3262,1
0x01f7d3ca04A5bA5Cc442C6210aA6EdDF0cFB317f,1
0x356C2FC55f69c08b278Bbd1Efa4D9f79e32Ca16a,1
0x5B8F04eC266553a40b8B4c6EAF106E15BC1c682,1
0x2b92260Ff78f4C20f87978C4424a8bA691fd552A,1
0xeA71c50389D51e85CdFd290e00Ee1BCCbF73e95a,1
0xc2f9a13a92e5cb8215dcff4d38e3d549e463b16f,1
0x5661fc304CbaeE874Ffa43a337D6cD2BFf222fF8,1
0xDa02DF022D543B8B72213b8C06731eB0eE4f7E5c,1
0xe3aF4a290c0f9908C2A0F1d5117bb62a8a937df9,1
0xd01D3CF4f86B04983aBfA7c9B212b373E6ae6C5a,1
0xeB8c67191c6C09c0B40191f51B3484907a63FC22,1
0x4eEa1c67A8a3CbFa53Fe88b7b120Efa38F8c5cd5,1
0xc7996e40d227d05E617CBAeD66b69cd1B8a0C85c,1
0xf32431D78500A019ea2E885F74C5DdbBf6cfD7c7,1
0x0fF6cc597913546b4289d52DFFefc36591DcaF82,1
0x54958BC5f1A9a288138935BA2ddFD7F378eD0019,1
0x5C0Bb0160b6c7ED70BF5A1CfF315Dfb7d42afc0A,1
0x324Fc0778119168634f93E099382581720219271,1
0x4C0e40B4962137E631FF8422603961D9AB063BcA,1
0x7d61971fbaab41c1bb4790d3a8f385864892f929,1
0xBb6f9D1C2cc4535bcC98F66D973D0F21fA6dc414,1
0xC01CCCcC81B5B33022fCb5fEc52d1F5FE90281BB,1
0x2Db6ED41Bf50d423B18049952c10DCe0e202B7b0,1
0x2Db6ED41Bf50d423B18049952c10DCe0e202B7b1,1
0x2Db6ED41Bf50d423B18049952c10DCe0e202B7b2,1
0x2Db6ED41Bf50d423B18049952c10DCe0e202B7b3,1
0x2Db6ED41Bf50d423B18049952c10DCe0e202B7b4,1
0x2Db6ED41Bf50d423B18049952c10DCe0e202B7b5,1
0x2Db6ED41Bf50d423B18049952c10DCe0e202B7b6,1
0xC8f530777326D314c04Dd0D3f40BBE61cB7fB816,1
0xC8f530777326D314c04Dd0D3f40BBE61cB7fB817,1
0xC8f530777326D314c04Dd0D3f40BBE61cB7fB818,1
0xC8f530777326D314c04Dd0D3f40BBE61cB7fB819,1
0xC8f530777326D314c04Dd0D3f40BBE61cB7fB820,1
0xC8f530777326D314c04Dd0D3f40BBE61cB7fB821,1
0xC8f530777326D314c04Dd0D3f40BBE61cB7fB822,1
0xC8f530777326D314c04Dd0D3f40BBE61cB7fB823,1
0xC8f530777326D314c04Dd0D3f40BBE61cB7fB824,1
0xC8f530777326D314c04Dd0D3f40BBE61cB7fB826,1
0xC8f530777326D314c04Dd0D3f40BBE61cB7fB827,1
0xC8f530777326D314c04Dd0D3f40BBE61cB7fB828,1
0xC8f530777326D314c04Dd0D3f40BBE61cB7fB829,1
0xC8f530777326D314c04Dd0D3f40BBE61cB7fB830,1
0xC8f530777326D314c04Dd0D3f40BBE61cB7fB831,1
0xC8f530777326D314c04Dd0D3f40BBE61cB7fB832,1
0xC8f530777326D314c04Dd0D3f40BBE61cB7fB833,1
0xC8f530777326D314c04Dd0D3f40BBE61cB7fB834,1
0xC8f530777326D314c04Dd0D3f40BBE61cB7fB835,1
0xC8f530777326D314c04Dd0D3f40BBE61cB7fB836,1
0xC8f530777326D314c04Dd0D3f40BBE61cB7fB837,1
0xC8f530777326D314c04Dd0D3f40BBE61cB7fB838,1
0xC8f530777326D314c04Dd0D3f40BBE61cB7fB839,1
0xC8f530777326D314c04Dd0D3f40BBE61cB7fB840,1
0xC8f530777326D314c04Dd0D3f40BBE61cB7fB841,1
0xC8f530777326D314c04Dd0D3f40BBE61cB7fB842,1
0xC8f530777326D314c04Dd0D3f40BBE61cB7fB843,1
0xC8f530777326D314c04Dd0D3f40BBE61cB7fB844,1
0xC8f530777326D314c04Dd0D3f40BBE61cB7fB845,1
0xC8f530777326D314c04Dd0D3f40BBE61cB7fB846,1
0xC8f530777326D314c04Dd0D3f40BBE61cB7fB847,1
0xC8f530777326D314c04Dd0D3f40BBE61cB7fB848,1
0xC8f530777326D314c04Dd0D3f40BBE61cB7fB849,1
0xC8f530777326D314c04Dd0D3f40BBE61cB7fB850,1
0xC8f530777326D314c04Dd0D3f40BBE61cB7fB851,1
0xC8f530777326D314c04Dd0D3f40BBE61cB7fB852,1
0x6FaC39cBfb03c2bc75e20C7e4499396F453e449E,1
0x7e0FEf1C3BF356F9fc0fb876FbFCaA9E53574226,1
0x8f0cDbdF035AdccdeA0aE4E5Db2002d50478F632,1
0xc6258A14f4B57FC5F59703807c989C2D7FcCf102,1
0xd628045B1e010bb1365725b2eE0b8Ee997664007,1
0x6a2a4E13630DE620933b702290dFeFeBC30B1c21,1
0xf77378F08a0867c1310A3Cf7a671957de7976D1A,1
0x910Cf57Ad87fb1aF2de5A32f43001A198c7eb7d8,1
0x1b21da4183634f446976b8f6c6b22f44f3572466,1
0xbba952285f6d9f06d15afec0b023161c30c52d60,1
0x30dBC88c27a717C077a9CD2cA7550c73447CA811,1
0xdC4Af1F0c8702b22280eD386CF36A833fB966367,1
0x4C615ADA1200e54ea81A4A85F263F1c94Be73DaD,1
0x9b0e826baa5e93c7eb3057098ea968785551c38f,1
0x212b18f340DEAB8A5C4fa01fF88d0df8C58301df,1
0xF1F5187c7c9d1e81a9c975c641dBd27631134057,1
0x94587ecea8970edbb39b6a1a58332efdfb8ec038,1
0x2c808c70923176650d86e9CcA4a4E863cb4F8c62,1
0x482BDAcCf024b0ACB7c8B410Ee7f0A037efe5088,1
0x5e9bf0d6e7570e4d4a8bcd3c8689bc782ac77963,1
0x1b21da4183634f446976b8f6c6b22f44f3572466,1
